{
    "pi_class": {
        "stats": {
            "0": {
                "precision": 0.5909090909090909,
                "recall": 0.8666666666666667,
                "f1-score": 0.7027027027027027,
                "support": 15.0
            },
            "1": {
                "precision": 0.75,
                "recall": 0.4,
                "f1-score": 0.5217391304347826,
                "support": 15.0
            },
            "accuracy": 0.6333333333333333,
            "macro avg": {
                "precision": 0.6704545454545454,
                "recall": 0.6333333333333333,
                "f1-score": 0.6122209165687427,
                "support": 30.0
            },
            "weighted avg": {
                "precision": 0.6704545454545454,
                "recall": 0.6333333333333333,
                "f1-score": 0.6122209165687427,
                "support": 30.0
            }
        },
        "accuracy": 0.6333333333333333,
        "cm": [
            [
                13,
                2
            ],
            [
                9,
                6
            ]
        ]
    },
    "pi_detect": {
        "accuracy": 0.5
    },
    "jailbreak": {
        "accuracy": 0.4883720930232558
    },
    "password": {
        "accuracy": 0.37383177570093457
    }
}