{
    "pi_class": {
        "stats": {
            "0": {
                "precision": 0.5416666666666666,
                "recall": 0.8666666666666667,
                "f1-score": 0.6666666666666666,
                "support": 15.0
            },
            "1": {
                "precision": 0.6666666666666666,
                "recall": 0.26666666666666666,
                "f1-score": 0.38095238095238093,
                "support": 15.0
            },
            "accuracy": 0.5666666666666667,
            "macro avg": {
                "precision": 0.6041666666666666,
                "recall": 0.5666666666666667,
                "f1-score": 0.5238095238095237,
                "support": 30.0
            },
            "weighted avg": {
                "precision": 0.6041666666666666,
                "recall": 0.5666666666666667,
                "f1-score": 0.5238095238095238,
                "support": 30.0
            }
        },
        "accuracy": 0.5666666666666667,
        "cm": [
            [
                13,
                2
            ],
            [
                11,
                4
            ]
        ]
    },
    "pi_detect": {
        "accuracy": 0.3333333333333333
    },
    "jailbreak": {
        "accuracy": 0.3023255813953488
    },
    "password": {
        "accuracy": 0.29906542056074764
    }
}