{
    "pi_class": {
        "stats": {
            "0": {
                "precision": 0.5172413793103449,
                "recall": 1.0,
                "f1-score": 0.6818181818181818,
                "support": 15.0
            },
            "1": {
                "precision": 1.0,
                "recall": 0.06666666666666667,
                "f1-score": 0.125,
                "support": 15.0
            },
            "accuracy": 0.5333333333333333,
            "macro avg": {
                "precision": 0.7586206896551724,
                "recall": 0.5333333333333333,
                "f1-score": 0.4034090909090909,
                "support": 30.0
            },
            "weighted avg": {
                "precision": 0.7586206896551725,
                "recall": 0.5333333333333333,
                "f1-score": 0.4034090909090909,
                "support": 30.0
            }
        },
        "accuracy": 0.5333333333333333,
        "cm": [
            [
                15,
                0
            ],
            [
                14,
                1
            ]
        ]
    },
    "pi_detect": {
        "accuracy": 0.5333333333333333
    },
    "jailbreak": {
        "accuracy": 0.56
    },
    "password": {
        "accuracy": 0.411214953271028
    }
}