{
    "pi_class": {
        "stats": {
            "0": {
                "precision": 0.56,
                "recall": 0.9333333333333333,
                "f1-score": 0.7,
                "support": 15.0
            },
            "1": {
                "precision": 0.8,
                "recall": 0.26666666666666666,
                "f1-score": 0.4,
                "support": 15.0
            },
            "accuracy": 0.6,
            "macro avg": {
                "precision": 0.68,
                "recall": 0.6,
                "f1-score": 0.55,
                "support": 30.0
            },
            "weighted avg": {
                "precision": 0.6799999999999999,
                "recall": 0.6,
                "f1-score": 0.55,
                "support": 30.0
            }
        },
        "accuracy": 0.6,
        "cm": [
            [
                14,
                1
            ],
            [
                11,
                4
            ]
        ]
    },
    "pi_detect": {
        "accuracy": 0.1
    },
    "jailbreak": {
        "accuracy": 0.11627906976744186
    },
    "password": {
        "accuracy": 0.3364485981308411
    }
}