{
    "pi_class": {
        "stats": {
            "0": {
                "precision": 0.5833333333333334,
                "recall": 0.9333333333333333,
                "f1-score": 0.717948717948718,
                "support": 15.0
            },
            "1": {
                "precision": 0.8333333333333334,
                "recall": 0.3333333333333333,
                "f1-score": 0.47619047619047616,
                "support": 15.0
            },
            "accuracy": 0.6333333333333333,
            "macro avg": {
                "precision": 0.7083333333333334,
                "recall": 0.6333333333333333,
                "f1-score": 0.5970695970695971,
                "support": 30.0
            },
            "weighted avg": {
                "precision": 0.7083333333333334,
                "recall": 0.6333333333333333,
                "f1-score": 0.5970695970695971,
                "support": 30.0
            }
        },
        "accuracy": 0.6333333333333333,
        "cm": [
            [
                14,
                1
            ],
            [
                10,
                5
            ]
        ]
    },
    "pi_detect": {
        "accuracy": 0.13333333333333333
    },
    "jailbreak": {
        "accuracy": 0.11627906976744186
    },
    "password": {
        "accuracy": 0.4392523364485981
    }
}