{
    "stats": {
        "0": {
            "precision": 0.5111111111111111,
            "recall": 1.0,
            "f1-score": 0.6764705882352942,
            "support": 23.0
        },
        "1": {
            "precision": 0.0,
            "recall": 0.0,
            "f1-score": 0.0,
            "support": 22.0
        },
        "accuracy": 0.5111111111111111,
        "macro avg": {
            "precision": 0.25555555555555554,
            "recall": 0.5,
            "f1-score": 0.3382352941176471,
            "support": 45.0
        },
        "weighted avg": {
            "precision": 0.26123456790123456,
            "recall": 0.5111111111111111,
            "f1-score": 0.34575163398692815,
            "support": 45.0
        }
    },
    "accuracy": 0.5111111111111111,
    "cm": [
        [
            23,
            0
        ],
        [
            22,
            0
        ]
    ]
}