{
    "pi_class": {
        "stats": {
            "0": {
                "precision": 0.5227272727272727,
                "recall": 1.0,
                "f1-score": 0.6865671641791045,
                "support": 23.0
            },
            "1": {
                "precision": 1.0,
                "recall": 0.045454545454545456,
                "f1-score": 0.08695652173913043,
                "support": 22.0
            },
            "accuracy": 0.5333333333333333,
            "macro avg": {
                "precision": 0.7613636363636364,
                "recall": 0.5227272727272727,
                "f1-score": 0.3867618429591174,
                "support": 45.0
            },
            "weighted avg": {
                "precision": 0.7560606060606061,
                "recall": 0.5333333333333333,
                "f1-score": 0.39342418343067276,
                "support": 45.0
            }
        },
        "accuracy": 0.5333333333333333,
        "cm": [
            [
                23,
                0
            ],
            [
                21,
                1
            ]
        ]
    },
    "pi_detect": {
        "accuracy": 0.0
    },
    "jailbreak": {
        "accuracy": 0.0
    },
    "password": {
        "accuracy": 0.06707317073170732
    }
}