{
    "pi_class": {
        "stats": {
            "0": {
                "precision": 0.5116279069767442,
                "recall": 0.9565217391304348,
                "f1-score": 0.6666666666666666,
                "support": 23.0
            },
            "1": {
                "precision": 0.5,
                "recall": 0.045454545454545456,
                "f1-score": 0.08333333333333333,
                "support": 22.0
            },
            "accuracy": 0.5111111111111111,
            "macro avg": {
                "precision": 0.5058139534883721,
                "recall": 0.5009881422924901,
                "f1-score": 0.375,
                "support": 45.0
            },
            "weighted avg": {
                "precision": 0.5059431524547804,
                "recall": 0.5111111111111111,
                "f1-score": 0.3814814814814814,
                "support": 45.0
            }
        },
        "accuracy": 0.5111111111111111,
        "cm": [
            [
                22,
                1
            ],
            [
                21,
                1
            ]
        ]
    },
    "pi_detect": {
        "accuracy": 0.0
    },
    "jailbreak": {
        "accuracy": 0.0
    },
    "password": {
        "accuracy": 0.03048780487804878
    }
}